timestamp,device_id,device_name,interface_name,interface_index,oper_status,admin_status,in_traffic_bps,out_traffic_bps,in_errors,out_errors,in_discards,out_discards,packet_loss_pct,latency_ms,device_cpu_pct,device_memory_pct,device_availability,device_uptime_sec
2026-04-09 10:00:00,r1,router1,ether1,1,up,up,185019364.74,81450193.59,0,1,0,0,0.0,7.46,23.56,43.21,true,864000
2026-04-09 10:01:00,r1,router1,ether1,1,up,up,165373028.64,85187896.08,1,1,1,0,0.2,8.24,23.8,45.67,true,864060
2026-04-09 10:02:00,r1,router1,ether1,1,up,up,191139496.44,81116977.67,1,1,1,1,0.1,8.73,24.36,43.45,true,864120
2026-04-09 10:03:00,r1,router1,ether1,1,up,up,165481789.57,96254898.59,2,1,1,1,0.0,8.25,25.92,45.16,true,864180
2026-04-09 10:04:00,r1,router1,ether1,1,up,up,182784677.23,93682293.05,2,1,2,1,0.0,6.91,26.09,47.18,true,864240
2026-04-09 10:05:00,r1,router1,ether1,1,up,up,178322770.89,96013987.68,2,1,2,1,0.0,7.19,23.84,43.95,true,864300
2026-04-09 10:06:00,r1,router1,ether1,1,up,up,178641367.63,85859060.88,2,1,2,1,0.2,9.02,23.88,44.21,true,864360
2026-04-09 10:07:00,r1,router1,ether1,1,up,up,176441932.33,82191394.89,3,2,3,1,0.2,8.99,26.51,44.17,true,864420
2026-04-09 10:08:00,r1,router1,ether1,1,up,up,171535685.99,85439295.14,4,2,3,1,0.0,8.15,25.99,44.68,true,864480
2026-04-09 10:09:00,r1,router1,ether1,1,up,up,180342946.57,82636369.42,5,2,4,2,0.0,6.91,23.61,43.47,true,864540
2026-04-09 10:10:00,r1,router1,ether1,1,up,up,183451983.42,89424897.98,5,2,4,2,0.2,7.4,26.44,42.8,true,864600
2026-04-09 10:11:00,r1,router1,ether1,1,up,up,172566004.63,83846839.58,5,2,4,2,0.0,6.81,26.89,46.18,true,864660
2026-04-09 10:12:00,r1,router1,ether1,1,up,up,175460898.69,83907882.64,6,2,4,2,0.2,9.09,26.67,45.45,true,864720
2026-04-09 10:13:00,r1,router1,ether1,1,up,up,193633987.6,95969979.53,6,2,5,2,0.0,7.54,23.96,45.3,true,864780
2026-04-09 10:14:00,r1,router1,ether1,1,up,up,197207441.77,90588711.05,7,2,5,2,0.1,7.1,26.79,43.49,true,864840
2026-04-09 10:15:00,r1,router1,ether1,1,up,up,176363722.8,93090365.27,7,2,5,2,0.2,7.7,24.81,43.87,true,864900
2026-04-09 10:16:00,r1,router1,ether1,1,up,up,183183844.12,81129435.1,7,2,5,2,0.0,8.5,23.92,46.82,true,864960
2026-04-09 10:17:00,r1,router1,ether1,1,up,up,186083200.02,84856262.53,8,3,5,2,0.2,7.12,25.3,43.84,true,865020
2026-04-09 10:18:00,r1,router1,ether1,1,up,up,165489509.31,88758921.28,8,3,6,2,0.1,7.82,26.46,42.99,true,865080
2026-04-09 10:19:00,r1,router1,ether1,1,up,up,190821330.39,82966842.58,8,4,6,2,0.2,7.26,24.79,44.65,true,865140
2026-04-09 10:20:00,r1,router1,ether1,1,up,up,177952706.82,96504283.89,8,4,6,2,0.0,8.12,25.61,45.18,true,865200
2026-04-09 10:21:00,r1,router1,ether1,1,up,up,176630906.09,89664451.52,9,4,7,2,0.0,8.88,23.66,42.76,true,865260
2026-04-09 10:22:00,r1,router1,ether1,1,up,up,177228269.5,98231717.54,9,4,7,2,0.2,9.19,25.65,44.94,true,865320
2026-04-09 10:23:00,r1,router1,ether1,1,up,up,182850490.47,90759513.62,9,4,7,2,0.0,8.6,23.2,44.9,true,865380
2026-04-09 10:24:00,r1,router1,ether1,1,up,up,164466767.98,82223295.54,9,4,7,3,0.1,8.87,23.48,46.76,true,865440
2026-04-09 10:25:00,r1,router1,ether1,1,up,up,185665433.92,91174084.63,9,4,8,3,0.0,7.56,23.82,45.97,true,865500
2026-04-09 10:26:00,r1,router1,ether1,1,up,up,186180848.03,86399947.44,9,4,8,3,0.0,7.56,23.04,45.55,true,865560
2026-04-09 10:27:00,r1,router1,ether1,1,up,up,166768436.53,87282159.03,9,4,8,3,0.0,6.97,24.48,43.46,true,865620
2026-04-09 10:28:00,r1,router1,ether1,1,up,up,195801480.14,83417240.06,9,4,8,3,0.0,7.08,25.97,43.45,true,865680
2026-04-09 10:29:00,r1,router1,ether1,1,up,up,186749896.64,96352430.68,9,5,8,3,0.0,8.01,26.62,46.56,true,865740
2026-04-09 10:30:00,r1,router1,ether1,1,up,up,162127644.81,94880146.01,10,5,8,3,0.0,8.33,23.65,44.74,true,865800
2026-04-09 10:31:00,r1,router1,ether1,1,up,up,196021833.81,93438353.23,10,6,8,3,0.0,7.16,26.34,45.37,true,865860
2026-04-09 10:32:00,r1,router1,ether1,1,up,up,173097300.6,97181666.8,10,6,8,4,0.0,8.71,26.6,43.7,true,865920
2026-04-09 10:33:00,r1,router1,ether1,1,up,up,197058132.81,94490597.0,10,7,8,4,0.0,9.02,26.46,47.14,true,865980
2026-04-09 10:34:00,r1,router1,ether1,1,up,up,188516320.98,86979338.42,10,8,8,5,0.0,9.03,24.07,46.29,true,866040
2026-04-09 10:35:00,r1,router1,ether1,1,up,up,170007613.83,95698558.9,10,8,8,6,0.0,7.9,26.28,46.67,true,866100
2026-04-09 10:36:00,r1,router1,ether1,1,up,up,173817430.24,96558352.96,10,8,8,6,0.0,9.12,24.4,45.04,true,866160
2026-04-09 10:37:00,r1,router1,ether1,1,up,up,168428441.38,98325617.68,10,9,8,7,0.0,7.44,25.39,44.31,true,866220
2026-04-09 10:38:00,r1,router1,ether1,1,up,up,194382170.38,84421417.94,10,9,9,7,0.1,6.91,23.01,46.92,true,866280
2026-04-09 10:39:00,r1,router1,ether1,1,up,up,196159481.49,97573875.41,10,10,9,8,0.0,8.3,25.88,44.1,true,866340
2026-04-09 10:40:00,r1,router1,ether1,1,up,up,187099502.91,90979424.6,10,11,9,8,0.1,7.26,25.71,46.81,true,866400
2026-04-09 10:41:00,r1,router1,ether1,1,up,up,172328893.81,88737986.7,10,12,9,8,0.0,8.19,24.86,44.74,true,866460
2026-04-09 10:42:00,r1,router1,ether1,1,up,up,172216310.58,92949369.05,10,12,9,8,0.0,8.29,26.27,46.13,true,866520
2026-04-09 10:43:00,r1,router1,ether1,1,up,up,162879313.96,85407165.79,10,13,10,9,0.0,7.94,24.82,46.74,true,866580
2026-04-09 10:44:00,r1,router1,ether1,1,up,up,170783439.82,92809044.2,11,13,10,9,0.0,6.81,26.11,43.73,true,866640
2026-04-09 10:45:00,r1,router1,ether1,1,up,up,178432625.72,95425498.83,12,14,11,9,0.2,8.4,25.38,47.03,true,866700
2026-04-09 10:46:00,r1,router1,ether1,1,up,up,188771595.92,89544139.86,13,14,11,10,0.0,7.42,26.36,44.0,true,866760
2026-04-09 10:47:00,r1,router1,ether1,1,up,up,164789400.74,86143106.72,13,14,12,10,0.0,7.45,26.57,43.11,true,866820
2026-04-09 10:48:00,r1,router1,ether1,1,up,up,187431089.1,82156119.31,14,15,12,11,0.2,7.78,24.86,43.03,true,866880
2026-04-09 10:49:00,r1,router1,ether1,1,up,up,179171270.37,97969349.83,15,15,13,11,0.1,7.52,26.41,47.04,true,866940
2026-04-09 10:50:00,r1,router1,ether1,1,up,up,171825671.22,89741555.89,15,15,14,11,0.1,7.73,25.9,46.53,true,867000
2026-04-09 10:51:00,r1,router1,ether1,1,up,up,165022108.64,88715029.85,15,16,14,11,0.0,8.88,23.2,44.46,true,867060
2026-04-09 10:52:00,r1,router1,ether1,1,up,up,189404269.48,87824271.88,15,16,14,11,0.1,8.6,24.01,43.12,true,867120
2026-04-09 10:53:00,r1,router1,ether1,1,up,up,185405187.36,95062194.89,15,16,14,11,0.0,8.36,26.8,43.65,true,867180
2026-04-09 10:54:00,r1,router1,ether1,1,up,up,179048198.19,83059010.03,15,16,14,11,0.1,9.07,25.8,46.2,true,867240
2026-04-09 10:55:00,r1,router1,ether1,1,up,up,165891554.99,81462211.66,15,16,14,11,0.1,7.55,24.59,45.97,true,867300
2026-04-09 10:56:00,r1,router1,ether1,1,up,up,192610556.61,91807409.07,16,16,14,11,0.2,7.09,26.13,44.31,true,867360
2026-04-09 10:57:00,r1,router1,ether1,1,up,up,162455477.41,88561057.34,17,16,15,11,0.1,7.98,26.84,45.61,true,867420
2026-04-09 10:58:00,r1,router1,ether1,1,up,up,188416630.94,98378527.16,17,16,15,11,0.2,7.45,26.1,44.84,true,867480
2026-04-09 10:59:00,r1,router1,ether1,1,up,up,172041416.97,89114436.0,17,17,15,11,0.2,8.6,25.44,44.46,true,867540
2026-04-09 10:00:00,r1,router1,ether2,2,up,up,219452197.03,97096499.32,0,0,0,0,0.0,7.42,26.52,45.91,true,864000
2026-04-09 10:01:00,r1,router1,ether2,2,up,up,208619666.22,98128562.49,1,1,0,0,0.0,8.13,25.76,45.66,true,864060
2026-04-09 10:02:00,r1,router1,ether2,2,up,up,210946365.58,98088022.57,1,2,0,0,0.2,7.38,24.48,45.24,true,864120
2026-04-09 10:03:00,r1,router1,ether2,2,up,up,228925617.46,95418328.54,1,2,0,1,0.0,7.4,25.89,44.17,true,864180
2026-04-09 10:04:00,r1,router1,ether2,2,up,up,210165983.59,101791738.12,1,2,0,1,0.2,8.62,24.13,43.2,true,864240
2026-04-09 10:05:00,r1,router1,ether2,2,up,up,205895427.92,90282967.35,1,2,1,1,0.0,8.08,23.18,43.0,true,864300
2026-04-09 10:06:00,r1,router1,ether2,2,up,up,236399668.34,101481284.39,1,3,1,1,0.1,7.93,24.36,47.09,true,864360
2026-04-09 10:07:00,r1,router1,ether2,2,up,up,215631127.46,91481643.41,1,3,1,1,0.0,8.31,23.61,46.4,true,864420
2026-04-09 10:08:00,r1,router1,ether2,2,up,up,222555213.52,98323480.43,2,4,1,2,0.2,8.23,23.9,45.1,true,864480
2026-04-09 10:09:00,r1,router1,ether2,2,up,up,211436730.75,102420546.42,2,4,1,2,0.0,8.26,26.79,43.69,true,864540
2026-04-09 10:10:00,r1,router1,ether2,2,up,up,208554067.82,101039844.91,2,4,1,2,0.1,7.18,24.8,45.42,true,864600
2026-04-09 10:11:00,r1,router1,ether2,2,up,up,229106056.51,104059751.16,2,5,1,2,0.0,7.89,26.7,46.3,true,864660
2026-04-09 10:12:00,r1,router1,ether2,2,up,up,226495927.83,108168228.9,2,6,1,3,0.0,8.78,23.24,46.32,true,864720
2026-04-09 10:13:00,r1,router1,ether2,2,up,up,228301831.61,103994673.7,2,7,1,3,0.2,9.06,25.16,44.72,true,864780
2026-04-09 10:14:00,r1,router1,ether2,2,up,up,199138055.27,94578488.31,2,7,1,4,0.2,8.42,25.35,42.84,true,864840
2026-04-09 10:15:00,r1,router1,ether2,2,up,up,220834409.0,98844588.09,2,8,1,5,0.2,7.47,24.74,46.41,true,864900
2026-04-09 10:16:00,r1,router1,ether2,2,up,up,212665569.32,103402670.19,3,8,2,5,0.0,8.86,24.65,44.98,true,864960
2026-04-09 10:17:00,r1,router1,ether2,2,up,up,211838754.92,96465475.73,3,9,3,5,0.1,9.13,26.46,46.46,true,865020
2026-04-09 10:18:00,r1,router1,ether2,2,up,up,206253631.82,97235587.18,3,9,4,6,0.1,8.62,26.04,43.67,true,865080
2026-04-09 10:19:00,r1,router1,ether2,2,up,up,203342747.67,109462936.32,3,10,4,6,0.0,8.26,25.84,44.15,true,865140
2026-04-09 10:20:00,r1,router1,ether2,2,up,up,241659314.13,108258597.57,3,10,5,7,3.59,37.01,25.59,43.44,true,865200
2026-04-09 10:21:00,r1,router1,ether2,2,up,up,241130763.83,94874618.12,3,10,5,8,1.64,30.55,23.76,45.45,true,865260
2026-04-09 10:22:00,r1,router1,ether2,2,up,up,212954510.7,105754348.12,4,10,6,9,1.9,30.75,24.13,44.09,true,865320
2026-04-09 10:23:00,r1,router1,ether2,2,up,up,213185453.43,101038348.34,4,11,6,10,3.18,34.8,26.73,46.66,true,865380
2026-04-09 10:24:00,r1,router1,ether2,2,up,up,199920481.16,104894103.03,4,12,6,10,2.96,37.04,24.54,45.74,true,865440
2026-04-09 10:25:00,r1,router1,ether2,2,up,up,220100810.61,101803608.59,4,12,7,10,3.42,20.84,23.4,46.85,true,865500
2026-04-09 10:26:00,r1,router1,ether2,2,up,up,201292442.92,105630505.83,4,13,7,11,3.31,27.55,25.77,45.67,true,865560
2026-04-09 10:27:00,r1,router1,ether2,2,up,up,236384852.77,90717982.0,5,13,7,12,3.62,27.09,26.99,46.11,true,865620
2026-04-09 10:28:00,r1,router1,ether2,2,up,up,205320050.62,95989321.6,5,14,7,12,4.15,40.56,26.18,44.07,true,865680
2026-04-09 10:29:00,r1,router1,ether2,2,up,up,221371318.0,101318561.24,6,14,8,12,4.85,27.75,23.7,45.49,true,865740
2026-04-09 10:30:00,r1,router1,ether2,2,up,up,208216291.55,102758092.62,6,14,8,13,3.22,28.79,26.6,44.84,true,865800
2026-04-09 10:31:00,r1,router1,ether2,2,up,up,239590367.94,109753033.9,6,14,9,14,3.22,39.28,25.76,44.81,true,865860
2026-04-09 10:32:00,r1,router1,ether2,2,up,up,202692743.77,97627285.95,7,14,9,14,4.82,37.14,26.97,44.08,true,865920
2026-04-09 10:33:00,r1,router1,ether2,2,up,up,238067145.96,104903443.08,7,14,9,14,4.19,32.07,26.1,43.79,true,865980
2026-04-09 10:34:00,r1,router1,ether2,2,up,up,227821636.18,104418567.53,7,14,10,14,5.11,27.16,25.51,46.82,true,866040
2026-04-09 10:35:00,r1,router1,ether2,2,up,up,223501247.44,104647195.36,7,14,10,14,7.59,20.71,24.31,44.62,true,866100
2026-04-09 10:36:00,r1,router1,ether2,2,up,up,234540795.26,95139401.69,7,14,11,14,3.44,23.12,26.87,44.08,true,866160
2026-04-09 10:37:00,r1,router1,ether2,2,up,up,204193308.66,109330004.19,7,14,12,14,5.25,20.74,26.87,46.37,true,866220
2026-04-09 10:38:00,r1,router1,ether2,2,up,up,209636177.45,92471774.74,7,14,12,15,8.38,29.28,25.34,46.45,true,866280
2026-04-09 10:39:00,r1,router1,ether2,2,up,up,199101084.58,107684696.9,8,14,13,15,6.78,35.18,23.89,43.03,true,866340
2026-04-09 10:40:00,r1,router1,ether2,2,up,up,204150188.55,108925230.66,8,15,14,15,8.67,42.19,23.46,43.81,true,866400
2026-04-09 10:41:00,r1,router1,ether2,2,up,up,227501393.63,104862802.43,9,15,15,16,7.16,26.97,25.35,46.02,true,866460
2026-04-09 10:42:00,r1,router1,ether2,2,up,up,239318334.89,95594802.8,9,15,15,16,6.41,34.24,24.77,47.03,true,866520
2026-04-09 10:43:00,r1,router1,ether2,2,up,up,200664203.92,95517628.82,9,15,15,16,8.87,27.92,23.37,43.7,true,866580
2026-04-09 10:44:00,r1,router1,ether2,2,up,up,241508119.77,105739562.0,9,15,15,16,4.68,18.23,23.83,43.72,true,866640
2026-04-09 10:45:00,r1,router1,ether2,2,up,up,210200093.22,109680562.64,9,15,15,16,5.97,35.29,24.0,43.54,true,866700
2026-04-09 10:46:00,r1,router1,ether2,2,up,up,232759325.23,94758632.12,10,15,15,17,9.23,32.43,24.06,43.32,true,866760
2026-04-09 10:47:00,r1,router1,ether2,2,up,up,217724109.43,97240779.48,10,15,16,17,7.26,42.08,25.02,47.0,true,866820
2026-04-09 10:48:00,r1,router1,ether2,2,up,up,200676317.93,99579638.22,10,15,16,17,8.12,40.49,24.96,46.84,true,866880
2026-04-09 10:49:00,r1,router1,ether2,2,up,up,200890018.27,95500319.99,10,16,17,17,7.67,33.45,25.85,44.46,true,866940
2026-04-09 10:50:00,r1,router1,ether2,2,up,up,232896228.1,92288281.45,11,16,18,17,9.7,29.63,25.88,43.72,true,867000
2026-04-09 10:51:00,r1,router1,ether2,2,up,up,234406445.89,97974603.69,11,16,19,17,11.75,43.11,24.71,45.74,true,867060
2026-04-09 10:52:00,r1,router1,ether2,2,up,up,202013890.69,91707287.15,11,16,20,17,6.04,18.82,26.25,45.25,true,867120
2026-04-09 10:53:00,r1,router1,ether2,2,up,up,236438724.38,108822597.38,11,16,20,17,11.94,30.92,26.87,45.45,true,867180
2026-04-09 10:54:00,r1,router1,ether2,2,up,up,226896397.33,94484897.38,11,17,20,17,9.52,40.01,24.47,46.18,true,867240
2026-04-09 10:55:00,r1,router1,ether2,2,up,up,199273939.97,95465407.77,11,18,20,17,9.16,35.6,24.4,43.57,true,867300
2026-04-09 10:56:00,r1,router1,ether2,2,up,up,230602638.6,109436206.38,11,18,20,17,6.1,25.39,23.86,44.64,true,867360
2026-04-09 10:57:00,r1,router1,ether2,2,up,up,229750222.58,105536712.4,11,18,20,18,8.34,27.82,26.53,43.45,true,867420
2026-04-09 10:58:00,r1,router1,ether2,2,up,up,227125302.48,99713234.1,11,19,20,18,8.69,41.97,23.86,45.06,true,867480
2026-04-09 10:59:00,r1,router1,ether2,2,up,up,227841587.29,101862685.01,11,19,20,18,9.88,20.1,23.18,44.53,true,867540
2026-04-09 10:00:00,r2,router2,ether1,1,up,up,144581138.97,75834450.37,8,1,1,0,1.53,10.82,23.52,45.94,true,864000
2026-04-09 10:01:00,r2,router2,ether1,1,up,up,148769173.95,72381629.6,19,3,3,2,1.44,12.56,23.37,45.77,true,864060
2026-04-09 10:02:00,r2,router2,ether1,1,up,up,131047361.84,65998697.26,24,6,6,5,2.1,15.92,23.77,47.25,true,864120
2026-04-09 10:03:00,r2,router2,ether1,1,up,up,140215311.96,70556790.62,33,10,14,6,2.22,16.01,23.15,44.27,true,864180
2026-04-09 10:04:00,r2,router2,ether1,1,up,up,131063687.08,72699838.97,45,10,22,8,0.66,14.81,25.88,42.95,true,864240
2026-04-09 10:05:00,r2,router2,ether1,1,up,up,147066952.62,73973205.03,48,14,26,9,0.83,16.2,24.24,46.39,true,864300
2026-04-09 10:06:00,r2,router2,ether1,1,up,up,138927039.4,66944804.26,58,14,30,12,0.88,13.8,24.67,43.48,true,864360
2026-04-09 10:07:00,r2,router2,ether1,1,up,up,143953013.01,75237637.23,61,17,33,15,1.41,10.59,25.85,45.07,true,864420
2026-04-09 10:08:00,r2,router2,ether1,1,up,up,133638156.39,75674286.93,71,19,34,18,1.11,9.17,23.37,46.85,true,864480
2026-04-09 10:09:00,r2,router2,ether1,1,up,up,127491192.84,70028099.61,77,23,36,18,1.35,14.97,24.5,42.88,true,864540
2026-04-09 10:10:00,r2,router2,ether1,1,up,up,127072489.35,75843546.4,88,23,38,21,0.56,13.2,26.04,44.86,true,864600
2026-04-09 10:11:00,r2,router2,ether1,1,up,up,132038332.85,65093274.67,93,26,44,24,1.6,18.4,25.11,43.25,true,864660
2026-04-09 10:12:00,r2,router2,ether1,1,up,up,127336984.51,68877557.61,102,29,46,25,1.91,13.49,23.25,46.52,true,864720
2026-04-09 10:13:00,r2,router2,ether1,1,up,up,134155615.66,63021900.7,107,33,53,26,2.16,11.43,24.67,45.74,true,864780
2026-04-09 10:14:00,r2,router2,ether1,1,up,up,136932704.51,69581891.09,110,33,58,29,1.85,14.69,24.01,42.82,true,864840
2026-04-09 10:15:00,r2,router2,ether1,1,up,up,147602038.48,73292617.79,121,36,62,30,1.42,10.84,24.41,44.27,true,864900
2026-04-09 10:16:00,r2,router2,ether1,1,up,up,148721935.09,63883407.52,127,36,63,33,1.83,18.15,23.15,43.66,true,864960
2026-04-09 10:17:00,r2,router2,ether1,1,up,up,140430740.5,76847717.83,130,37,67,33,0.7,10.37,23.15,45.66,true,865020
2026-04-09 10:18:00,r2,router2,ether1,1,up,up,133650064.97,74190793.76,142,37,71,33,1.4,11.72,25.97,46.78,true,865080
2026-04-09 10:19:00,r2,router2,ether1,1,up,up,145377917.75,68142856.98,148,37,74,35,0.97,18.04,26.2,46.02,true,865140
2026-04-09 10:20:00,r2,router2,ether1,1,up,up,134993919.99,64120964.76,160,39,80,36,1.1,11.54,24.78,45.98,true,865200
2026-04-09 10:21:00,r2,router2,ether1,1,up,up,127185944.56,75180520.45,171,40,87,38,1.15,14.1,24.1,47.16,true,865260
2026-04-09 10:22:00,r2,router2,ether1,1,up,up,140366408.55,73498571.78,183,41,94,41,0.59,11.94,23.57,45.48,true,865320
2026-04-09 10:23:00,r2,router2,ether1,1,up,up,132607870.65,72032280.26,192,45,100,44,1.52,12.07,23.13,43.44,true,865380
2026-04-09 10:24:00,r2,router2,ether1,1,up,up,147366365.21,71034904.9,197,49,108,45,2.3,12.48,24.26,44.0,true,865440
2026-04-09 10:25:00,r2,router2,ether1,1,up,up,140496867.68,75789595.08,202,52,109,48,2.44,13.54,25.82,43.72,true,865500
2026-04-09 10:26:00,r2,router2,ether1,1,up,up,129800395.7,64036728.55,207,55,113,50,1.01,14.38,26.99,46.4,true,865560
2026-04-09 10:27:00,r2,router2,ether1,1,up,up,150957287.11,74919068.71,217,57,115,51,0.6,13.53,26.17,45.04,true,865620
2026-04-09 10:28:00,r2,router2,ether1,1,up,up,148130445.7,63367976.38,229,61,116,51,0.88,16.22,24.87,47.17,true,865680
2026-04-09 10:29:00,r2,router2,ether1,1,up,up,137148479.46,73037070.38,240,62,124,52,2.34,12.61,26.08,46.46,true,865740
2026-04-09 10:30:00,r2,router2,ether1,1,up,up,138599285.88,72521525.87,243,63,128,52,2.19,15.66,25.56,43.57,true,865800
2026-04-09 10:31:00,r2,router2,ether1,1,up,up,140506859.72,67257743.6,249,67,132,55,2.33,13.61,24.38,46.98,true,865860
2026-04-09 10:32:00,r2,router2,ether1,1,up,up,143781598.56,70711779.82,256,70,140,57,1.12,11.98,25.46,43.17,true,865920
2026-04-09 10:33:00,r2,router2,ether1,1,up,up,149590840.12,70890652.48,266,73,142,60,2.02,13.34,23.32,47.02,true,865980
2026-04-09 10:34:00,r2,router2,ether1,1,up,up,139945065.68,71780296.14,272,75,148,63,0.59,16.41,24.93,46.37,true,866040
2026-04-09 10:35:00,r2,router2,ether1,1,up,up,145281180.01,65213126.26,277,75,153,66,1.19,11.37,23.82,45.48,true,866100
2026-04-09 10:36:00,r2,router2,ether1,1,up,up,129661452.24,68187562.77,283,78,157,69,1.6,17.7,23.97,43.3,true,866160
2026-04-09 10:37:00,r2,router2,ether1,1,up,up,127416948.17,76235388.5,291,80,165,72,1.52,16.73,23.99,46.64,true,866220
2026-04-09 10:38:00,r2,router2,ether1,1,up,up,147367398.5,69975717.59,299,81,168,75,0.97,17.15,26.52,44.99,true,866280
2026-04-09 10:39:00,r2,router2,ether1,1,up,up,132024043.83,67940531.24,302,85,169,75,2.49,14.27,25.39,46.54,true,866340
2026-04-09 10:40:00,r2,router2,ether1,1,up,up,138065977.54,75354380.23,305,88,172,76,0.74,11.76,24.46,44.55,true,866400
2026-04-09 10:41:00,r2,router2,ether1,1,up,up,136817767.1,69304961.33,311,92,180,78,0.82,15.22,25.72,43.28,true,866460
2026-04-09 10:42:00,r2,router2,ether1,1,up,up,141619291.47,68118489.22,323,95,188,78,0.71,13.56,25.04,45.0,true,866520
2026-04-09 10:43:00,r2,router2,ether1,1,up,up,148511043.95,70270657.94,326,95,193,80,0.73,15.67,23.56,46.94,true,866580
2026-04-09 10:44:00,r2,router2,ether1,1,up,up,142624290.36,70102409.81,335,96,195,80,1.65,11.95,25.83,44.1,true,866640
2026-04-09 10:45:00,r2,router2,ether1,1,up,up,153437144.87,71171829.99,347,100,200,82,1.03,13.89,25.39,43.94,true,866700
2026-04-09 10:46:00,r2,router2,ether1,1,up,up,140678505.31,73096559.69,355,103,208,83,2.58,12.47,23.59,45.81,true,866760
2026-04-09 10:47:00,r2,router2,ether1,1,up,up,138349079.85,68862924.17,359,103,210,86,1.26,14.21,24.64,46.24,true,866820
2026-04-09 10:48:00,r2,router2,ether1,1,up,up,141704829.64,76973720.16,362,103,213,86,1.6,13.42,24.26,43.53,true,866880
2026-04-09 10:49:00,r2,router2,ether1,1,up,up,131383396.74,66451267.9,370,107,215,86,0.96,17.35,26.77,47.17,true,866940
2026-04-09 10:50:00,r2,router2,ether1,1,up,up,139434495.85,70846826.26,382,110,220,86,2.35,16.52,24.15,45.33,true,867000
2026-04-09 10:51:00,r2,router2,ether1,1,up,up,134132674.26,67026824.78,389,114,221,87,2.36,13.03,26.7,45.7,true,867060
2026-04-09 10:52:00,r2,router2,ether1,1,up,up,152124670.15,72746398.21,395,118,224,90,2.56,11.52,25.96,43.83,true,867120
2026-04-09 10:53:00,r2,router2,ether1,1,up,up,128805542.85,67624110.73,407,119,231,92,1.27,15.85,23.02,45.23,true,867180
2026-04-09 10:54:00,r2,router2,ether1,1,up,up,144215083.37,73582754.83,411,123,237,92,0.7,11.35,25.58,46.84,true,867240
2026-04-09 10:55:00,r2,router2,ether1,1,up,up,137700779.5,74726468.45,415,125,244,94,0.56,13.23,26.99,44.54,true,867300
2026-04-09 10:56:00,r2,router2,ether1,1,up,up,126259480.72,70951466.16,425,128,248,96,1.61,12.06,24.14,47.2,true,867360
2026-04-09 10:57:00,r2,router2,ether1,1,up,up,131398719.15,64577054.65,430,132,255,96,2.14,11.55,25.59,45.98,true,867420
2026-04-09 10:58:00,r2,router2,ether1,1,up,up,130913857.59,74986051.06,436,132,257,98,0.91,16.64,25.06,43.14,true,867480
2026-04-09 10:59:00,r2,router2,ether1,1,up,up,135060846.76,66472659.17,441,135,263,100,0.71,9.47,24.79,43.95,true,867540
2026-04-09 10:00:00,r2,router2,ether2,2,up,up,86548814.19,43739257.48,1,0,0,0,0.0,7.45,23.35,44.69,true,864000
2026-04-09 10:01:00,r2,router2,ether2,2,up,up,87370457.17,41337578.34,2,1,0,0,0.0,8.24,26.45,42.81,true,864060
2026-04-09 10:02:00,r2,router2,ether2,2,up,up,91295287.75,42026246.31,2,1,0,1,0.0,7.71,24.08,43.96,true,864120
2026-04-09 10:03:00,r2,router2,ether2,2,up,up,85967313.69,43197770.29,3,1,1,1,0.0,8.68,24.01,43.86,true,864180
2026-04-09 10:04:00,r2,router2,ether2,2,up,up,83438811.46,40560906.32,4,1,2,1,0.2,7.75,24.52,46.63,true,864240
2026-04-09 10:05:00,r2,router2,ether2,2,up,up,86407835.12,45928901.42,4,1,3,1,0.1,8.47,24.26,47.09,true,864300
2026-04-09 10:06:00,r2,router2,ether2,2,up,up,86865952.27,43022701.32,4,1,4,1,0.0,8.69,23.46,45.29,true,864360
2026-04-09 10:07:00,r2,router2,ether2,2,up,up,88892189.18,43121980.87,4,1,4,1,0.1,8.46,25.69,43.38,true,864420
2026-04-09 10:08:00,r2,router2,ether2,2,up,up,93874255.04,47601690.87,5,1,4,1,0.2,6.98,24.92,44.55,true,864480
2026-04-09 10:09:00,r2,router2,ether2,2,up,up,82968649.65,42734078.72,6,1,5,1,0.0,8.4,25.59,42.95,true,864540
2026-04-09 10:10:00,r2,router2,ether2,2,up,up,81189859.91,42828645.33,6,2,5,2,0.2,8.03,25.23,45.84,true,864600
2026-04-09 10:11:00,r2,router2,ether2,2,up,up,89335137.75,46615999.39,6,2,6,2,0.0,8.46,24.38,42.86,true,864660
2026-04-09 10:12:00,r2,router2,ether2,2,up,up,83089248.08,48966085.42,7,2,7,2,0.0,7.14,24.37,46.28,true,864720
2026-04-09 10:13:00,r2,router2,ether2,2,up,up,88886986.89,46770869.39,7,2,7,2,0.0,7.57,23.18,45.95,true,864780
2026-04-09 10:14:00,r2,router2,ether2,2,up,up,97738604.04,47164405.36,8,2,8,2,0.2,8.04,23.64,45.27,true,864840
2026-04-09 10:15:00,r2,router2,ether2,2,up,up,84354964.66,46415771.2,9,3,8,2,0.2,7.75,26.53,44.77,true,864900
2026-04-09 10:16:00,r2,router2,ether2,2,up,up,84704120.63,47270929.46,9,3,8,2,0.0,8.74,25.31,46.35,true,864960
2026-04-09 10:17:00,r2,router2,ether2,2,up,up,89235907.6,42861180.56,10,4,8,2,0.2,8.87,26.86,44.16,true,865020
2026-04-09 10:18:00,r2,router2,ether2,2,up,up,87335728.64,44620745.28,10,4,8,2,0.0,7.21,26.67,45.41,true,865080
2026-04-09 10:19:00,r2,router2,ether2,2,up,up,86496840.05,42147400.66,11,5,8,3,0.2,8.46,24.55,45.43,true,865140
2026-04-09 10:20:00,r2,router2,ether2,2,down,up,0.0,0.0,11,5,8,4,53.06,80.16,25.22,44.95,true,865200
2026-04-09 10:21:00,r2,router2,ether2,2,up,up,92149379.62,48289700.08,12,6,9,5,0.1,9.08,23.55,46.42,true,865260
2026-04-09 10:22:00,r2,router2,ether2,2,up,up,93782562.71,44494665.69,12,6,9,5,0.2,7.2,23.12,46.17,true,865320
2026-04-09 10:23:00,r2,router2,ether2,2,up,up,90676955.13,42013880.8,12,6,9,5,0.1,7.9,25.2,43.26,true,865380
2026-04-09 10:24:00,r2,router2,ether2,2,up,up,94680074.36,44472299.22,12,6,9,6,0.1,7.32,23.41,46.49,true,865440
2026-04-09 10:25:00,r2,router2,ether2,2,up,up,85730674.05,48259796.63,12,7,9,6,0.0,7.01,26.1,43.82,true,865500
2026-04-09 10:26:00,r2,router2,ether2,2,up,up,95127287.58,47821768.79,12,7,9,6,0.2,8.73,24.4,44.01,true,865560
2026-04-09 10:27:00,r2,router2,ether2,2,up,up,91309240.44,49071576.11,13,7,9,6,0.0,8.03,23.54,46.13,true,865620
2026-04-09 10:28:00,r2,router2,ether2,2,up,up,93625677.49,41694217.71,14,8,9,6,0.0,7.15,26.31,46.18,true,865680
2026-04-09 10:29:00,r2,router2,ether2,2,up,up,92300630.77,43876550.95,14,9,10,6,0.0,6.98,24.61,46.12,true,865740
2026-04-09 10:30:00,r2,router2,ether2,2,down,up,0.0,0.0,14,9,11,6,21.61,88.99,25.92,44.81,true,865800
2026-04-09 10:31:00,r2,router2,ether2,2,up,up,98426314.44,47923628.83,14,10,11,6,0.0,7.99,26.31,44.27,true,865860
2026-04-09 10:32:00,r2,router2,ether2,2,up,up,81826972.66,46135615.7,15,11,11,7,0.0,8.81,23.5,46.61,true,865920
2026-04-09 10:33:00,r2,router2,ether2,2,up,up,84641727.72,46697326.94,15,11,11,7,0.0,7.12,23.64,46.95,true,865980
2026-04-09 10:34:00,r2,router2,ether2,2,up,up,82483569.55,46480579.3,15,12,11,7,0.0,8.36,24.59,44.12,true,866040
2026-04-09 10:35:00,r2,router2,ether2,2,up,up,81019553.47,44791260.37,15,12,11,8,0.0,7.12,25.08,44.75,true,866100
2026-04-09 10:36:00,r2,router2,ether2,2,up,up,93492558.02,44799302.17,15,12,11,8,0.0,7.35,25.92,43.21,true,866160
2026-04-09 10:37:00,r2,router2,ether2,2,up,up,87888978.9,47820311.31,15,13,11,8,0.0,8.9,23.27,45.28,true,866220
2026-04-09 10:38:00,r2,router2,ether2,2,up,up,92305440.69,41862367.18,15,13,11,9,0.1,7.79,26.44,43.14,true,866280
2026-04-09 10:39:00,r2,router2,ether2,2,up,up,87327641.53,44364498.67,15,13,11,9,0.0,8.7,24.11,43.13,true,866340
2026-04-09 10:40:00,r2,router2,ether2,2,up,up,90319484.3,45085703.1,15,14,12,9,0.0,8.59,25.58,46.28,true,866400
2026-04-09 10:41:00,r2,router2,ether2,2,up,up,85339471.6,46242740.97,15,15,13,9,0.0,6.97,26.95,46.95,true,866460
2026-04-09 10:42:00,r2,router2,ether2,2,up,up,90834411.98,42054932.81,15,15,13,9,0.0,7.93,23.07,43.05,true,866520
2026-04-09 10:43:00,r2,router2,ether2,2,up,up,98076239.95,44081775.21,16,15,13,9,0.2,7.49,26.07,44.66,true,866580
2026-04-09 10:44:00,r2,router2,ether2,2,up,up,82504747.33,41211194.06,16,15,14,9,0.0,9.01,25.15,44.51,true,866640
2026-04-09 10:45:00,r2,router2,ether2,2,up,up,82042306.99,41275915.19,16,15,14,9,0.1,7.84,25.45,43.0,true,866700
2026-04-09 10:46:00,r2,router2,ether2,2,up,up,93626993.0,41974493.68,16,15,14,9,0.2,9.09,25.07,46.45,true,866760
2026-04-09 10:47:00,r2,router2,ether2,2,up,up,94495974.91,48361140.51,17,15,14,9,0.0,8.56,26.09,42.88,true,866820
2026-04-09 10:48:00,r2,router2,ether2,2,up,up,93821818.47,45689865.07,17,15,14,9,0.1,6.98,25.04,43.0,true,866880
2026-04-09 10:49:00,r2,router2,ether2,2,up,up,94919921.16,48548415.78,17,15,14,9,0.0,8.42,23.91,45.04,true,866940
2026-04-09 10:50:00,r2,router2,ether2,2,up,up,89491762.61,43946815.27,18,15,14,9,0.0,7.16,25.21,46.86,true,867000
2026-04-09 10:51:00,r2,router2,ether2,2,up,up,88492618.77,46982591.29,18,15,14,9,0.0,7.45,25.29,43.29,true,867060
2026-04-09 10:52:00,r2,router2,ether2,2,up,up,98173429.33,41120337.94,18,16,14,9,0.0,7.92,26.09,44.15,true,867120
2026-04-09 10:53:00,r2,router2,ether2,2,up,up,84612080.76,45574260.67,19,16,14,9,0.2,7.53,23.97,44.41,true,867180
2026-04-09 10:54:00,r2,router2,ether2,2,up,up,81114801.89,44190324.99,19,16,14,10,0.0,7.36,25.54,45.87,true,867240
2026-04-09 10:55:00,r2,router2,ether2,2,up,up,96282107.78,47044935.35,19,16,14,10,0.2,7.05,26.93,44.64,true,867300
2026-04-09 10:56:00,r2,router2,ether2,2,up,up,81790204.78,42583253.16,19,16,14,11,0.1,8.83,25.8,44.43,true,867360
2026-04-09 10:57:00,r2,router2,ether2,2,up,up,82346948.72,45610386.55,19,17,14,11,0.0,7.84,23.95,43.92,true,867420
2026-04-09 10:58:00,r2,router2,ether2,2,up,up,89149641.34,42602501.04,19,17,14,12,0.0,9.06,26.12,45.38,true,867480
2026-04-09 10:59:00,r2,router2,ether2,2,up,up,89388992.02,44158612.97,19,17,14,12,0.0,8.09,24.81,44.84,true,867540
2026-04-09 10:00:00,r3,router3,ether1,1,up,up,895686232.19,689431978.34,0,0,0,0,0.0,24.87,42.31,42.97,true,864000
2026-04-09 10:01:00,r3,router3,ether1,1,up,up,882280574.15,669565682.96,0,0,0,0,0.2,15.54,37.48,44.83,true,864060
2026-04-09 10:02:00,r3,router3,ether1,1,up,up,911776163.98,684589266.89,0,0,0,0,0.1,19.32,34.84,45.59,true,864120
2026-04-09 10:03:00,r3,router3,ether1,1,up,up,863851132.82,652259503.9,0,0,0,1,0.0,15.01,37.11,46.56,true,864180
2026-04-09 10:04:00,r3,router3,ether1,1,up,up,889551611.66,698684527.27,1,0,0,1,0.1,24.53,33.73,44.47,true,864240
2026-04-09 10:05:00,r3,router3,ether1,1,up,up,901803588.87,696274548.92,1,0,1,2,0.0,22.54,35.71,45.54,true,864300
2026-04-09 10:06:00,r3,router3,ether1,1,up,up,915349920.45,661708183.0,1,0,2,2,0.1,12.76,39.68,43.65,true,864360
2026-04-09 10:07:00,r3,router3,ether1,1,up,up,909842510.35,693440266.59,1,0,2,2,0.2,18.03,39.78,44.5,true,864420
2026-04-09 10:08:00,r3,router3,ether1,1,up,up,885915146.47,653710791.16,1,0,2,2,0.1,25.24,42.02,46.2,true,864480
2026-04-09 10:09:00,r3,router3,ether1,1,up,up,863686841.76,654924417.05,2,0,2,2,0.0,23.47,37.35,47.02,true,864540
2026-04-09 10:10:00,r3,router3,ether1,1,up,up,910931021.72,698989001.69,2,0,2,3,0.0,17.59,41.99,42.88,true,864600
2026-04-09 10:11:00,r3,router3,ether1,1,up,up,883065453.24,665948904.71,3,0,2,3,0.0,13.6,35.93,43.73,true,864660
2026-04-09 10:12:00,r3,router3,ether1,1,up,up,887545923.49,692547836.14,3,0,2,3,0.0,22.58,36.02,43.41,true,864720
2026-04-09 10:13:00,r3,router3,ether1,1,up,up,885687943.02,695267995.64,3,1,3,3,0.0,15.25,33.68,44.2,true,864780
2026-04-09 10:14:00,r3,router3,ether1,1,up,up,901954947.86,700417725.06,3,2,3,3,0.2,26.13,35.19,43.75,true,864840
2026-04-09 10:15:00,r3,router3,ether1,1,up,up,911822622.15,673499991.15,3,2,3,3,0.2,22.61,36.95,47.22,true,864900
2026-04-09 10:16:00,r3,router3,ether1,1,up,up,895810173.61,689497014.25,3,2,3,3,0.0,22.16,42.61,43.82,true,864960
2026-04-09 10:17:00,r3,router3,ether1,1,up,up,910152706.96,686697534.82,3,2,4,4,0.0,25.78,37.23,46.29,true,865020
2026-04-09 10:18:00,r3,router3,ether1,1,up,up,889232260.76,695347311.41,4,2,5,4,0.1,20.53,35.16,44.33,true,865080
2026-04-09 10:19:00,r3,router3,ether1,1,up,up,898140755.66,648124267.75,4,2,5,4,0.0,26.85,36.33,43.93,true,865140
2026-04-09 10:20:00,r3,router3,ether1,1,up,up,902873968.09,686508418.38,5,2,6,4,0.0,15.34,41.91,47.18,true,865200
2026-04-09 10:21:00,r3,router3,ether1,1,up,up,909789284.65,675465284.8,5,2,6,4,0.0,22.25,38.0,43.6,true,865260
2026-04-09 10:22:00,r3,router3,ether1,1,up,up,886281025.76,686663723.18,6,2,6,5,0.1,20.35,38.25,44.37,true,865320
2026-04-09 10:23:00,r3,router3,ether1,1,up,up,897416273.62,655477993.62,6,2,7,6,0.0,24.61,43.83,44.88,true,865380
2026-04-09 10:24:00,r3,router3,ether1,1,up,up,895895112.41,648085671.44,7,2,7,7,0.2,26.04,37.61,44.42,true,865440
2026-04-09 10:25:00,r3,router3,ether1,1,up,up,888226684.64,674210040.4,7,2,7,8,0.0,14.91,40.77,43.43,true,865500
2026-04-09 10:26:00,r3,router3,ether1,1,up,up,880289692.71,665310734.02,8,2,8,8,0.1,17.3,39.34,44.63,true,865560
2026-04-09 10:27:00,r3,router3,ether1,1,up,up,892562467.94,667886683.65,8,2,9,8,0.2,25.77,34.07,45.08,true,865620
2026-04-09 10:28:00,r3,router3,ether1,1,up,up,886886542.62,678375349.5,9,2,9,8,0.0,13.63,36.48,44.66,true,865680
2026-04-09 10:29:00,r3,router3,ether1,1,up,up,880045569.18,700369250.38,9,2,10,8,0.0,24.92,32.73,44.54,true,865740
2026-04-09 10:30:00,r3,router3,ether1,1,up,up,884710861.03,649390679.24,9,2,10,8,0.1,21.29,39.71,43.42,true,865800
2026-04-09 10:31:00,r3,router3,ether1,1,up,up,905445297.92,699425069.19,10,2,10,8,0.0,23.47,41.43,44.94,true,865860
2026-04-09 10:32:00,r3,router3,ether1,1,up,up,893194468.99,682775958.28,10,2,10,9,0.1,20.27,34.57,46.75,true,865920
2026-04-09 10:33:00,r3,router3,ether1,1,up,up,907235408.65,691516239.13,10,2,10,9,0.0,24.51,35.56,46.54,true,865980
2026-04-09 10:34:00,r3,router3,ether1,1,up,up,904144301.56,679827608.32,10,2,11,9,0.0,24.53,37.55,45.47,true,866040
2026-04-09 10:35:00,r3,router3,ether1,1,up,up,887332022.9,652714568.39,10,2,11,10,0.2,22.84,34.49,46.44,true,866100
2026-04-09 10:36:00,r3,router3,ether1,1,up,up,882131991.85,681646425.55,10,2,11,10,0.0,25.91,37.17,46.69,true,866160
2026-04-09 10:37:00,r3,router3,ether1,1,up,up,883133165.34,653193967.79,11,2,11,10,0.0,26.94,37.39,44.84,true,866220
2026-04-09 10:38:00,r3,router3,ether1,1,up,up,907050014.02,687519387.84,11,2,11,10,0.1,18.37,35.89,44.32,true,866280
2026-04-09 10:39:00,r3,router3,ether1,1,up,up,873631052.93,653972188.79,11,2,12,10,0.0,26.63,36.59,45.66,true,866340
2026-04-09 10:40:00,r3,router3,ether1,1,up,up,907194999.09,657740010.69,11,2,12,10,0.1,18.51,42.22,45.66,true,866400
2026-04-09 10:41:00,r3,router3,ether1,1,up,up,865653163.59,681623726.08,11,3,12,11,0.1,22.54,35.64,44.82,true,866460
2026-04-09 10:42:00,r3,router3,ether1,1,up,up,910782951.73,672135638.02,11,3,12,12,0.0,23.04,38.29,45.42,true,866520
2026-04-09 10:43:00,r3,router3,ether1,1,up,up,914632535.24,647691410.92,11,3,12,12,0.0,24.38,37.57,45.95,true,866580
2026-04-09 10:44:00,r3,router3,ether1,1,up,up,886279022.1,679027435.16,11,3,13,12,0.2,27.6,40.43,44.19,true,866640
2026-04-09 10:45:00,r3,router3,ether1,1,up,up,911766812.85,684784248.53,11,3,13,13,0.0,15.33,41.48,47.23,true,866700
2026-04-09 10:46:00,r3,router3,ether1,1,up,up,868699368.48,682933820.66,11,3,13,14,0.0,22.11,37.58,46.69,true,866760
2026-04-09 10:47:00,r3,router3,ether1,1,up,up,910229608.53,670046339.95,11,3,13,14,0.0,22.87,41.72,46.8,true,866820
2026-04-09 10:48:00,r3,router3,ether1,1,up,up,876424378.58,668924363.8,12,3,14,14,0.0,18.83,35.43,45.39,true,866880
2026-04-09 10:49:00,r3,router3,ether1,1,up,up,906140116.95,654912847.15,12,4,14,15,0.0,23.11,41.75,43.63,true,866940
2026-04-09 10:50:00,r3,router3,ether1,1,up,up,890522843.56,692945271.7,13,4,14,15,0.0,20.35,35.51,47.19,true,867000
2026-04-09 10:51:00,r3,router3,ether1,1,up,up,902510626.88,677325747.3,14,4,14,15,0.0,16.57,34.35,43.01,true,867060
2026-04-09 10:52:00,r3,router3,ether1,1,up,up,901312825.08,684503337.53,15,5,15,16,0.0,27.5,32.85,44.7,true,867120
2026-04-09 10:53:00,r3,router3,ether1,1,up,up,901099892.94,700072971.41,15,5,15,16,0.0,14.95,40.22,46.76,true,867180
2026-04-09 10:54:00,r3,router3,ether1,1,up,up,897174567.15,685784301.18,15,5,15,16,0.0,23.96,38.15,45.4,true,867240
2026-04-09 10:55:00,r3,router3,ether1,1,up,up,894287600.41,698319125.8,15,5,16,16,0.2,23.7,39.09,46.75,true,867300
2026-04-09 10:56:00,r3,router3,ether1,1,up,up,910895696.73,676263984.16,15,5,16,16,0.1,27.14,35.3,43.76,true,867360
2026-04-09 10:57:00,r3,router3,ether1,1,up,up,863852260.13,653201965.86,15,5,16,16,0.1,19.41,35.04,43.9,true,867420
2026-04-09 10:58:00,r3,router3,ether1,1,up,up,866192658.22,661862129.3,15,5,16,16,0.0,24.65,43.03,44.88,true,867480
2026-04-09 10:59:00,r3,router3,ether1,1,up,up,899657982.86,655357886.93,15,5,16,16,0.2,13.98,41.26,43.37,true,867540
2026-04-09 10:00:00,r3,router3,ether2,2,up,up,103488019.87,60494065.05,0,1,0,0,0.1,7.66,23.41,46.66,true,864000
2026-04-09 10:01:00,r3,router3,ether2,2,up,up,114244593.65,54563758.58,0,1,0,0,0.1,7.72,26.83,47.14,true,864060
2026-04-09 10:02:00,r3,router3,ether2,2,up,up,103467918.9,64426199.54,0,1,0,0,0.1,8.87,26.32,46.85,true,864120
2026-04-09 10:03:00,r3,router3,ether2,2,up,up,108873928.29,65801439.88,0,2,0,0,0.0,6.98,25.94,43.29,true,864180
2026-04-09 10:04:00,r3,router3,ether2,2,up,up,101861463.66,61007832.69,0,2,0,0,0.0,7.41,24.87,46.97,true,864240
2026-04-09 10:05:00,r3,router3,ether2,2,up,up,116020540.9,61504399.95,0,2,0,0,0.0,8.82,24.96,45.33,true,864300
2026-04-09 10:06:00,r3,router3,ether2,2,up,up,120053729.79,60247275.45,0,2,0,0,0.0,8.69,24.66,45.17,true,864360
2026-04-09 10:07:00,r3,router3,ether2,2,up,up,113593358.48,57972798.44,0,2,0,1,0.2,7.5,25.12,47.23,true,864420
2026-04-09 10:08:00,r3,router3,ether2,2,up,up,104287653.28,61707172.27,0,3,0,2,0.0,9.0,26.84,45.82,true,864480
2026-04-09 10:09:00,r3,router3,ether2,2,up,up,104644992.25,62687707.3,1,4,0,2,0.2,6.86,26.29,44.44,true,864540
2026-04-09 10:10:00,r3,router3,ether2,2,up,up,118762195.4,56310148.66,1,4,0,2,0.0,8.03,23.67,47.05,true,864600
2026-04-09 10:11:00,r3,router3,ether2,2,up,up,118028918.83,59090513.42,2,4,0,2,0.2,7.05,26.31,46.7,true,864660
2026-04-09 10:12:00,r3,router3,ether2,2,up,up,109102955.18,57980584.51,2,4,0,3,0.0,7.01,23.71,43.88,true,864720
2026-04-09 10:13:00,r3,router3,ether2,2,up,up,107536717.28,61562607.18,2,4,0,3,0.0,7.84,24.56,43.28,true,864780
2026-04-09 10:14:00,r3,router3,ether2,2,up,up,106869403.05,60034043.41,3,5,1,3,0.0,7.5,25.43,44.02,true,864840
2026-04-09 10:15:00,r3,router3,ether2,2,up,up,109427728.9,60401613.17,3,5,1,3,0.1,7.13,26.19,46.57,true,864900
2026-04-09 10:16:00,r3,router3,ether2,2,up,up,120062616.28,54133802.49,4,5,1,3,0.0,8.9,23.49,42.77,true,864960
2026-04-09 10:17:00,r3,router3,ether2,2,up,up,115462524.91,64842556.51,4,5,1,3,0.1,7.63,26.62,46.58,true,865020
2026-04-09 10:18:00,r3,router3,ether2,2,up,up,112571468.31,57032901.33,5,5,1,3,0.2,7.08,26.41,46.58,true,865080
2026-04-09 10:19:00,r3,router3,ether2,2,up,up,104515127.53,56369011.11,5,5,1,3,0.0,8.19,24.43,45.77,true,865140
2026-04-09 10:20:00,r3,router3,ether2,2,up,up,118802609.0,57813431.25,5,5,1,4,0.2,7.88,25.64,45.87,true,865200
2026-04-09 10:21:00,r3,router3,ether2,2,up,up,102710069.24,57758577.37,5,6,2,5,0.1,8.69,24.11,44.37,true,865260
2026-04-09 10:22:00,r3,router3,ether2,2,up,up,106892315.25,57665661.56,5,6,2,5,0.0,8.12,25.58,43.12,true,865320
2026-04-09 10:23:00,r3,router3,ether2,2,up,up,115137981.57,61519426.62,6,6,2,5,0.0,8.55,26.4,45.59,true,865380
2026-04-09 10:24:00,r3,router3,ether2,2,up,up,110956325.13,65984738.1,6,6,3,5,0.0,7.93,24.46,43.75,true,865440
2026-04-09 10:25:00,r3,router3,ether2,2,up,up,107729273.47,60026007.24,6,7,3,5,0.2,8.39,25.74,46.16,true,865500
2026-04-09 10:26:00,r3,router3,ether2,2,up,up,111459859.6,60789750.4,6,7,3,6,0.0,8.89,25.94,44.93,true,865560
2026-04-09 10:27:00,r3,router3,ether2,2,up,up,104098497.97,57172285.38,7,8,4,6,0.0,7.36,25.07,46.31,true,865620
2026-04-09 10:28:00,r3,router3,ether2,2,up,up,99877903.37,61782296.98,7,8,5,7,0.2,7.05,25.53,43.98,true,865680
2026-04-09 10:29:00,r3,router3,ether2,2,up,up,107036529.12,61840038.56,7,9,5,7,0.2,8.81,24.01,47.13,true,865740
2026-04-09 10:30:00,r3,router3,ether2,2,down,up,0.0,0.0,7,9,5,7,67.04,93.96,26.53,44.73,true,865800
2026-04-09 10:31:00,r3,router3,ether2,2,down,up,0.0,0.0,7,9,6,8,98.76,103.12,25.64,44.62,true,865860
2026-04-09 10:32:00,r3,router3,ether2,2,down,up,0.0,0.0,7,9,6,8,88.85,106.02,23.09,42.94,true,865920
2026-04-09 10:33:00,r3,router3,ether2,2,down,up,0.0,0.0,7,9,6,8,88.25,91.66,25.4,45.29,true,865980
2026-04-09 10:34:00,r3,router3,ether2,2,down,up,0.0,0.0,7,9,6,8,91.38,64.57,23.88,44.6,true,866040
2026-04-09 10:35:00,r3,router3,ether2,2,down,up,0.0,0.0,7,9,6,8,88.0,106.97,23.28,44.45,true,866100
2026-04-09 10:36:00,r3,router3,ether2,2,down,up,0.0,0.0,7,9,6,9,68.38,49.22,25.42,43.55,true,866160
2026-04-09 10:37:00,r3,router3,ether2,2,down,up,0.0,0.0,8,10,6,9,65.29,58.85,26.59,46.24,true,866220
2026-04-09 10:38:00,r3,router3,ether2,2,down,up,0.0,0.0,8,11,6,9,93.6,99.5,26.16,44.47,true,866280
2026-04-09 10:39:00,r3,router3,ether2,2,down,up,0.0,0.0,8,11,6,9,72.04,74.12,25.39,45.2,true,866340
2026-04-09 10:40:00,r3,router3,ether2,2,down,up,0.0,0.0,8,11,6,10,69.2,66.9,25.75,44.17,true,866400
2026-04-09 10:41:00,r3,router3,ether2,2,down,up,0.0,0.0,9,11,7,11,91.51,52.67,25.26,45.5,true,866460
2026-04-09 10:42:00,r3,router3,ether2,2,down,up,0.0,0.0,10,11,7,11,45.94,61.03,25.31,46.23,true,866520
2026-04-09 10:43:00,r3,router3,ether2,2,down,up,0.0,0.0,10,11,8,11,52.93,67.53,25.03,46.29,true,866580
2026-04-09 10:44:00,r3,router3,ether2,2,down,up,0.0,0.0,10,11,8,11,90.34,55.63,24.74,43.04,true,866640
2026-04-09 10:45:00,r3,router3,ether2,2,down,up,0.0,0.0,10,11,9,12,84.68,68.54,24.15,47.09,true,866700
2026-04-09 10:46:00,r3,router3,ether2,2,down,up,0.0,0.0,10,11,9,12,61.62,93.63,24.14,42.9,true,866760
2026-04-09 10:47:00,r3,router3,ether2,2,down,up,0.0,0.0,11,12,9,12,88.6,74.71,26.12,44.34,true,866820
2026-04-09 10:48:00,r3,router3,ether2,2,down,up,0.0,0.0,11,12,9,12,64.71,75.11,25.9,45.27,true,866880
2026-04-09 10:49:00,r3,router3,ether2,2,down,up,0.0,0.0,11,12,9,12,80.78,97.48,23.02,43.54,true,866940
2026-04-09 10:50:00,r3,router3,ether2,2,down,up,0.0,0.0,12,13,10,12,74.61,101.09,26.25,45.34,true,867000
2026-04-09 10:51:00,r3,router3,ether2,2,down,up,0.0,0.0,13,13,10,12,72.31,126.25,26.59,46.63,true,867060
2026-04-09 10:52:00,r3,router3,ether2,2,down,up,0.0,0.0,13,13,10,12,57.08,73.34,26.2,44.61,true,867120
2026-04-09 10:53:00,r3,router3,ether2,2,down,up,0.0,0.0,14,13,10,12,70.63,110.58,23.3,46.94,true,867180
2026-04-09 10:54:00,r3,router3,ether2,2,down,up,0.0,0.0,14,13,10,12,66.82,55.34,25.0,43.65,true,867240
2026-04-09 10:55:00,r3,router3,ether2,2,down,up,0.0,0.0,14,14,10,12,76.82,85.38,26.12,43.29,true,867300
2026-04-09 10:56:00,r3,router3,ether2,2,down,up,0.0,0.0,14,15,10,12,97.4,117.02,26.48,44.96,true,867360
2026-04-09 10:57:00,r3,router3,ether2,2,down,up,0.0,0.0,14,16,10,13,78.43,122.24,23.13,44.31,true,867420
2026-04-09 10:58:00,r3,router3,ether2,2,down,up,0.0,0.0,14,16,10,13,65.31,97.4,25.32,44.21,true,867480
2026-04-09 10:59:00,r3,router3,ether2,2,down,up,0.0,0.0,14,16,11,13,64.29,120.19,25.0,43.7,true,867540
